year,nc_senate,classification,totalpop_district_year,mean_age,median_age,totalpop_class,percent,identity
1990,1,white,141130.0,37.0,36.0,102233.0,72.0,dist_1_white
1990,1,black,141130.0,33.0,30.0,38001.0,27.0,dist_1_black
1990,1,other,141130.0,30.0,28.0,896.0,1.0,dist_1_other
1990,1,nonhisp,141130.0,36.0,34.0,140262.0,99.0,dist_1_nonhisp
1990,1,hispanic,141130.0,27.0,25.0,868.0,1.0,dist_1_hispanic
1990,2,white,145543.0,36.0,34.0,114467.0,79.0,dist_2_white
1990,2,black,145543.0,31.0,27.0,28453.0,20.0,dist_2_black
1990,2,other,145543.0,26.0,25.0,2622.0,2.0,dist_2_other
1990,2,nonhisp,145543.0,35.0,33.0,143210.0,98.0,dist_2_nonhisp
1990,2,hispanic,145543.0,22.0,22.0,2332.0,2.0,dist_2_hispanic
1990,3,white,176704.0,39.0,39.0,82056.0,46.0,dist_3_white
1990,3,black,176704.0,32.0,29.0,93672.0,53.0,dist_3_black
1990,3,other,176704.0,32.0,28.0,976.0,1.0,dist_3_other
1990,3,nonhisp,176704.0,36.0,34.0,175950.0,100.0,dist_3_nonhisp
1990,3,hispanic,176704.0,29.0,26.0,754.0,0.0,dist_3_hispanic
1990,4,white,180591.0,39.0,38.0,88913.0,49.0,dist_4_white
1990,4,black,180591.0,32.0,28.0,88123.0,49.0,dist_4_black
1990,4,other,180591.0,30.0,28.0,3554.0,2.0,dist_4_other
1990,4,nonhisp,180591.0,35.0,33.0,179577.0,99.0,dist_4_nonhisp
1990,4,hispanic,180591.0,27.0,25.0,1012.0,1.0,dist_4_hispanic
1990,5,white,151906.0,37.0,35.0,70560.0,46.0,dist_5_white
1990,5,black,151906.0,32.0,29.0,79839.0,53.0,dist_5_black
1990,5,other,151906.0,28.0,26.0,1508.0,1.0,dist_5_other
1990,5,nonhisp,151906.0,34.0,32.0,150613.0,99.0,dist_5_nonhisp
1990,5,hispanic,151906.0,26.0,24.0,1293.0,1.0,dist_5_hispanic
1990,6,white,159220.0,28.0,25.0,117602.0,74.0,dist_6_white
1990,6,black,159220.0,26.0,24.0,33476.0,21.0,dist_6_black
1990,6,other,159220.0,24.0,23.0,8141.0,5.0,dist_6_other
1990,6,nonhisp,159220.0,28.0,25.0,151133.0,95.0,dist_6_nonhisp
1990,6,hispanic,159220.0,22.0,22.0,8088.0,5.0,dist_6_hispanic
1990,7,white,133361.0,34.0,31.0,112343.0,84.0,dist_7_white
1990,7,black,133361.0,30.0,27.0,18934.0,14.0,dist_7_black
1990,7,other,133361.0,26.0,25.0,2082.0,2.0,dist_7_other
1990,7,nonhisp,133361.0,33.0,31.0,131688.0,99.0,dist_7_nonhisp
1990,7,hispanic,133361.0,24.0,24.0,1672.0,1.0,dist_7_hispanic
1990,8,white,114281.0,39.0,38.0,78548.0,69.0,dist_8_white
1990,8,black,114281.0,34.0,31.0,34469.0,30.0,dist_8_black
1990,8,other,114281.0,30.0,28.0,1264.0,1.0,dist_8_other
1990,8,nonhisp,114281.0,37.0,36.0,113451.0,99.0,dist_8_nonhisp
1990,8,hispanic,114281.0,26.0,24.0,828.0,1.0,dist_8_hispanic
1990,9,white,114506.0,36.0,35.0,94437.0,82.0,dist_9_white
1990,9,black,114506.0,31.0,28.0,18808.0,16.0,dist_9_black
1990,9,other,114506.0,30.0,29.0,1261.0,1.0,dist_9_other
1990,9,nonhisp,114506.0,36.0,34.0,113613.0,99.0,dist_9_nonhisp
1990,9,hispanic,114506.0,30.0,27.0,895.0,1.0,dist_9_hispanic
1990,10,white,120999.0,37.0,36.0,85363.0,71.0,dist_10_white
1990,10,black,120999.0,33.0,30.0,33008.0,27.0,dist_10_black
1990,10,other,120999.0,27.0,25.0,2628.0,2.0,dist_10_other
1990,10,nonhisp,120999.0,36.0,34.0,118737.0,98.0,dist_10_nonhisp
1990,10,hispanic,120999.0,25.0,23.0,2257.0,2.0,dist_10_hispanic
1990,11,white,113475.0,37.0,36.0,87299.0,77.0,dist_11_white
1990,11,black,113475.0,33.0,30.0,24980.0,22.0,dist_11_black
1990,11,other,113475.0,27.0,25.0,1196.0,1.0,dist_11_other
1990,11,nonhisp,113475.0,36.0,35.0,112080.0,99.0,dist_11_nonhisp
1990,11,hispanic,113475.0,25.0,24.0,1395.0,1.0,dist_11_hispanic
1990,12,white,117200.0,36.0,34.0,89022.0,76.0,dist_12_white
1990,12,black,117200.0,31.0,27.0,25930.0,22.0,dist_12_black
1990,12,other,117200.0,26.0,25.0,2246.0,2.0,dist_12_other
1990,12,nonhisp,117200.0,35.0,32.0,115151.0,98.0,dist_12_nonhisp
1990,12,hispanic,117200.0,24.0,23.0,2049.0,2.0,dist_12_hispanic
1990,13,white,154766.0,37.0,36.0,70883.0,46.0,dist_13_white
1990,13,black,154766.0,31.0,27.0,41366.0,27.0,dist_13_black
1990,13,other,154766.0,29.0,26.0,42517.0,27.0,dist_13_other
1990,13,nonhisp,154766.0,34.0,31.0,153820.0,99.0,dist_13_nonhisp
1990,13,hispanic,154766.0,28.0,25.0,946.0,1.0,dist_13_hispanic
1990,14,white,97198.0,34.0,32.0,47150.0,49.0,dist_14_white
1990,14,black,97198.0,31.0,28.0,48172.0,50.0,dist_14_black
1990,14,other,97198.0,28.0,27.0,1877.0,2.0,dist_14_other
1990,14,nonhisp,97198.0,32.0,30.0,96030.0,99.0,dist_14_nonhisp
1990,14,hispanic,97198.0,26.0,25.0,1169.0,1.0,dist_14_hispanic
1990,15,white,103195.0,35.0,35.0,92639.0,90.0,dist_15_white
1990,15,black,103195.0,28.0,27.0,7648.0,7.0,dist_15_black
1990,15,other,103195.0,28.0,29.0,2906.0,3.0,dist_15_other
1990,15,nonhisp,103195.0,34.0,34.0,102033.0,99.0,dist_15_nonhisp
1990,15,hispanic,103195.0,28.0,27.0,1161.0,1.0,dist_15_hispanic
1990,16,white,110946.0,33.0,29.0,90818.0,82.0,dist_16_white
1990,16,black,110946.0,28.0,26.0,15440.0,14.0,dist_16_black
1990,16,other,110946.0,27.0,27.0,4689.0,4.0,dist_16_other
1990,16,nonhisp,110946.0,32.0,29.0,109069.0,98.0,dist_16_nonhisp
1990,16,hispanic,110946.0,26.0,25.0,1877.0,2.0,dist_16_hispanic
1990,17,white,51676.0,32.0,33.0,43345.0,84.0,dist_17_white
1990,17,black,51676.0,34.0,32.0,7126.0,14.0,dist_17_black
1990,17,other,51676.0,29.0,30.0,1200.0,2.0,dist_17_other
1990,17,nonhisp,51676.0,32.0,33.0,51129.0,99.0,dist_17_nonhisp
1990,17,hispanic,51676.0,28.0,27.0,548.0,1.0,dist_17_hispanic
1990,18,white,96732.0,35.0,33.0,73303.0,76.0,dist_18_white
1990,18,black,96732.0,32.0,29.0,22507.0,23.0,dist_18_black
1990,18,other,96732.0,27.0,26.0,920.0,1.0,dist_18_other
1990,18,nonhisp,96732.0,34.0,32.0,95800.0,99.0,dist_18_nonhisp
1990,18,hispanic,96732.0,25.0,25.0,931.0,1.0,dist_18_hispanic
1990,19,white,147518.0,32.0,29.0,110758.0,75.0,dist_19_white
1990,19,black,147518.0,26.0,24.0,27936.0,19.0,dist_19_black
1990,19,other,147518.0,26.0,25.0,8822.0,6.0,dist_19_other
1990,19,nonhisp,147518.0,31.0,28.0,140569.0,95.0,dist_19_nonhisp
1990,19,hispanic,147518.0,23.0,23.0,6950.0,5.0,dist_19_hispanic
1990,20,white,131444.0,37.0,34.0,58292.0,44.0,dist_20_white
1990,20,black,131444.0,32.0,29.0,71255.0,54.0,dist_20_black
1990,20,other,131444.0,28.0,28.0,1898.0,1.0,dist_20_other
1990,20,nonhisp,131444.0,34.0,31.0,130196.0,99.0,dist_20_nonhisp
1990,20,hispanic,131444.0,28.0,27.0,1250.0,1.0,dist_20_hispanic
1990,21,white,149904.0,30.0,28.0,68946.0,46.0,dist_21_white
1990,21,black,149904.0,29.0,26.0,69438.0,46.0,dist_21_black
1990,21,other,149904.0,26.0,25.0,11522.0,8.0,dist_21_other
1990,21,nonhisp,149904.0,29.0,27.0,143337.0,96.0,dist_21_nonhisp
1990,21,hispanic,149904.0,23.0,22.0,6566.0,4.0,dist_21_hispanic
1990,22,white,139592.0,36.0,34.0,107542.0,77.0,dist_22_white
1990,22,black,139592.0,32.0,30.0,28850.0,21.0,dist_22_black
1990,22,other,139592.0,28.0,26.0,3199.0,2.0,dist_22_other
1990,22,nonhisp,139592.0,35.0,33.0,138045.0,99.0,dist_22_nonhisp
1990,22,hispanic,139592.0,27.0,25.0,1545.0,1.0,dist_22_hispanic
1990,23,white,132629.0,34.0,31.0,105312.0,79.0,dist_23_white
1990,23,black,132629.0,33.0,30.0,23738.0,18.0,dist_23_black
1990,23,other,132629.0,27.0,26.0,3578.0,3.0,dist_23_other
1990,23,nonhisp,132629.0,34.0,31.0,130785.0,99.0,dist_23_nonhisp
1990,23,hispanic,132629.0,27.0,25.0,1843.0,1.0,dist_23_hispanic
1990,24,white,134338.0,38.0,36.0,110132.0,82.0,dist_24_white
1990,24,black,134338.0,33.0,31.0,22933.0,17.0,dist_24_black
1990,24,other,134338.0,29.0,28.0,1274.0,1.0,dist_24_other
1990,24,nonhisp,134338.0,37.0,35.0,133388.0,99.0,dist_24_nonhisp
1990,24,hispanic,134338.0,26.0,24.0,951.0,1.0,dist_24_hispanic
1990,25,white,175326.0,37.0,36.0,128367.0,73.0,dist_25_white
1990,25,black,175326.0,31.0,28.0,42802.0,24.0,dist_25_black
1990,25,other,175326.0,28.0,25.0,4157.0,2.0,dist_25_other
1990,25,nonhisp,175326.0,36.0,33.0,174266.0,99.0,dist_25_nonhisp
1990,25,hispanic,175326.0,31.0,27.0,1059.0,1.0,dist_25_hispanic
1990,26,white,143359.0,37.0,36.0,119299.0,83.0,dist_26_white
1990,26,black,143359.0,32.0,29.0,22440.0,16.0,dist_26_black
1990,26,other,143359.0,27.0,25.0,1619.0,1.0,dist_26_other
1990,26,nonhisp,143359.0,36.0,35.0,142130.0,99.0,dist_26_nonhisp
1990,26,hispanic,143359.0,27.0,25.0,1230.0,1.0,dist_26_hispanic
1990,27,white,130784.0,38.0,37.0,118257.0,90.0,dist_27_white
1990,27,black,130784.0,30.0,28.0,10631.0,8.0,dist_27_black
1990,27,other,130784.0,29.0,28.0,1896.0,1.0,dist_27_other
1990,27,nonhisp,130784.0,37.0,36.0,129864.0,99.0,dist_27_nonhisp
1990,27,hispanic,130784.0,30.0,28.0,921.0,1.0,dist_27_hispanic
1990,28,white,159370.0,37.0,33.0,79944.0,50.0,dist_28_white
1990,28,black,159370.0,31.0,27.0,76135.0,48.0,dist_28_black
1990,28,other,159370.0,27.0,25.0,3288.0,2.0,dist_28_other
1990,28,nonhisp,159370.0,34.0,30.0,158012.0,99.0,dist_28_nonhisp
1990,28,hispanic,159370.0,28.0,25.0,1358.0,1.0,dist_28_hispanic
1990,29,white,139422.0,38.0,36.0,122734.0,88.0,dist_29_white
1990,29,black,139422.0,32.0,29.0,15138.0,11.0,dist_29_black
1990,29,other,139422.0,28.0,26.0,1548.0,1.0,dist_29_other
1990,29,nonhisp,139422.0,37.0,36.0,138432.0,99.0,dist_29_nonhisp
1990,29,hispanic,139422.0,28.0,26.0,989.0,1.0,dist_29_hispanic
1990,30,white,158292.0,37.0,35.0,149510.0,94.0,dist_30_white
1990,30,black,158292.0,34.0,32.0,7673.0,5.0,dist_30_black
1990,30,other,158292.0,27.0,26.0,1110.0,1.0,dist_30_other
1990,30,nonhisp,158292.0,37.0,35.0,157076.0,99.0,dist_30_nonhisp
1990,30,hispanic,158292.0,27.0,25.0,1218.0,1.0,dist_30_hispanic
1990,31,white,147677.0,37.0,36.0,140834.0,95.0,dist_31_white
1990,31,black,147677.0,32.0,31.0,5505.0,4.0,dist_31_black
1990,31,other,147677.0,28.0,27.0,1338.0,1.0,dist_31_other
1990,31,nonhisp,147677.0,37.0,36.0,146515.0,99.0,dist_31_nonhisp
1990,31,hispanic,147677.0,28.0,27.0,1163.0,1.0,dist_31_hispanic
1990,32,white,148645.0,38.0,35.0,84928.0,57.0,dist_32_white
1990,32,black,148645.0,32.0,29.0,61891.0,42.0,dist_32_black
1990,32,other,148645.0,28.0,27.0,1828.0,1.0,dist_32_other
1990,32,nonhisp,148645.0,35.0,32.0,147318.0,99.0,dist_32_nonhisp
1990,32,hispanic,148645.0,26.0,25.0,1326.0,1.0,dist_32_hispanic
1990,33,white,150054.0,36.0,35.0,130096.0,87.0,dist_33_white
1990,33,black,150054.0,31.0,29.0,18315.0,12.0,dist_33_black
1990,33,other,150054.0,26.0,24.0,1639.0,1.0,dist_33_other
1990,33,nonhisp,150054.0,36.0,34.0,148895.0,99.0,dist_33_nonhisp
1990,33,hispanic,150054.0,25.0,24.0,1158.0,1.0,dist_33_hispanic
1990,34,white,148596.0,38.0,36.0,124228.0,84.0,dist_34_white
1990,34,black,148596.0,32.0,29.0,23093.0,16.0,dist_34_black
1990,34,other,148596.0,27.0,26.0,1273.0,1.0,dist_34_other
1990,34,nonhisp,148596.0,37.0,35.0,147607.0,99.0,dist_34_nonhisp
1990,34,hispanic,148596.0,27.0,26.0,987.0,1.0,dist_34_hispanic
1990,35,white,79230.0,34.0,33.0,65268.0,82.0,dist_35_white
1990,35,black,79230.0,29.0,25.0,13216.0,17.0,dist_35_black
1990,35,other,79230.0,28.0,26.0,746.0,1.0,dist_35_other
1990,35,nonhisp,79230.0,33.0,32.0,78596.0,99.0,dist_35_nonhisp
1990,35,hispanic,79230.0,27.0,25.0,634.0,1.0,dist_35_hispanic
1990,36,white,103922.0,37.0,35.0,90046.0,87.0,dist_36_white
1990,36,black,103922.0,31.0,28.0,13064.0,13.0,dist_36_black
1990,36,other,103922.0,29.0,28.0,811.0,1.0,dist_36_other
1990,36,nonhisp,103922.0,36.0,34.0,103397.0,99.0,dist_36_nonhisp
1990,36,hispanic,103922.0,28.0,26.0,524.0,1.0,dist_36_hispanic
1990,37,white,121926.0,36.0,33.0,92095.0,76.0,dist_37_white
1990,37,black,121926.0,28.0,27.0,25801.0,21.0,dist_37_black
1990,37,other,121926.0,28.0,27.0,4033.0,3.0,dist_37_other
1990,37,nonhisp,121926.0,34.0,31.0,119337.0,98.0,dist_37_nonhisp
1990,37,hispanic,121926.0,29.0,28.0,2589.0,2.0,dist_37_hispanic
1990,38,white,98116.0,35.0,32.0,47787.0,49.0,dist_38_white
1990,38,black,98116.0,30.0,27.0,48722.0,50.0,dist_38_black
1990,38,other,98116.0,27.0,26.0,1607.0,2.0,dist_38_other
1990,38,nonhisp,98116.0,33.0,30.0,97307.0,99.0,dist_38_nonhisp
1990,38,hispanic,98116.0,27.0,25.0,809.0,1.0,dist_38_hispanic
1990,39,white,107732.0,36.0,36.0,102596.0,95.0,dist_39_white
1990,39,black,107732.0,29.0,28.0,2895.0,3.0,dist_39_black
1990,39,other,107732.0,29.0,30.0,2241.0,2.0,dist_39_other
1990,39,nonhisp,107732.0,36.0,36.0,106670.0,99.0,dist_39_nonhisp
1990,39,hispanic,107732.0,33.0,32.0,1061.0,1.0,dist_39_hispanic
1990,40,white,125147.0,33.0,31.0,68437.0,55.0,dist_40_white
1990,40,black,125147.0,29.0,28.0,53154.0,42.0,dist_40_black
1990,40,other,125147.0,27.0,26.0,3558.0,3.0,dist_40_other
1990,40,nonhisp,125147.0,31.0,29.0,123365.0,99.0,dist_40_nonhisp
1990,40,hispanic,125147.0,28.0,26.0,1782.0,1.0,dist_40_hispanic
1990,41,white,58235.0,34.0,33.0,53466.0,92.0,dist_41_white
1990,41,black,58235.0,34.0,31.0,3896.0,7.0,dist_41_black
1990,41,other,58235.0,28.0,27.0,874.0,2.0,dist_41_other
1990,41,nonhisp,58235.0,34.0,33.0,57782.0,99.0,dist_41_nonhisp
1990,41,hispanic,58235.0,28.0,29.0,451.0,1.0,dist_41_hispanic
1990,42,white,145974.0,36.0,34.0,132054.0,90.0,dist_42_white
1990,42,black,145974.0,31.0,28.0,12362.0,8.0,dist_42_black
1990,42,other,145974.0,27.0,25.0,1557.0,1.0,dist_42_other
1990,42,nonhisp,145974.0,36.0,34.0,144868.0,99.0,dist_42_nonhisp
1990,42,hispanic,145974.0,28.0,26.0,1105.0,1.0,dist_42_hispanic
1990,43,white,168771.0,36.0,34.0,144954.0,86.0,dist_43_white
1990,43,black,168771.0,31.0,27.0,22300.0,13.0,dist_43_black
1990,43,other,168771.0,27.0,26.0,1513.0,1.0,dist_43_other
1990,43,nonhisp,168771.0,35.0,33.0,167930.0,100.0,dist_43_nonhisp
1990,43,hispanic,168771.0,29.0,25.0,842.0,0.0,dist_43_hispanic
1990,44,white,118004.0,37.0,36.0,100974.0,86.0,dist_44_white
1990,44,black,118004.0,30.0,27.0,15891.0,13.0,dist_44_black
1990,44,other,118004.0,27.0,27.0,1141.0,1.0,dist_44_other
1990,44,nonhisp,118004.0,36.0,34.0,117017.0,99.0,dist_44_nonhisp
1990,44,hispanic,118004.0,28.0,26.0,987.0,1.0,dist_44_hispanic
1990,45,white,154346.0,36.0,34.0,148350.0,96.0,dist_45_white
1990,45,black,154346.0,32.0,27.0,5128.0,3.0,dist_45_black
1990,45,other,154346.0,29.0,27.0,869.0,1.0,dist_45_other
1990,45,nonhisp,154346.0,36.0,34.0,153478.0,99.0,dist_45_nonhisp
1990,45,hispanic,154346.0,29.0,27.0,869.0,1.0,dist_45_hispanic
1990,46,white,160334.0,37.0,36.0,135817.0,85.0,dist_46_white
1990,46,black,160334.0,31.0,28.0,22862.0,14.0,dist_46_black
1990,46,other,160334.0,25.0,22.0,1655.0,1.0,dist_46_other
1990,46,nonhisp,160334.0,36.0,34.0,159615.0,100.0,dist_46_nonhisp
1990,46,hispanic,160334.0,29.0,27.0,718.0,0.0,dist_46_hispanic
1990,47,white,153809.0,39.0,37.0,143617.0,93.0,dist_47_white
1990,47,black,153809.0,33.0,29.0,9356.0,6.0,dist_47_black
1990,47,other,153809.0,28.0,26.0,835.0,1.0,dist_47_other
1990,47,nonhisp,153809.0,38.0,37.0,153053.0,100.0,dist_47_nonhisp
1990,47,hispanic,153809.0,29.0,27.0,756.0,0.0,dist_47_hispanic
1990,48,white,121994.0,40.0,39.0,116486.0,95.0,dist_48_white
1990,48,black,121994.0,32.0,28.0,4303.0,4.0,dist_48_black
1990,48,other,121994.0,27.0,25.0,1208.0,1.0,dist_48_other
1990,48,nonhisp,121994.0,40.0,39.0,120839.0,99.0,dist_48_nonhisp
1990,48,hispanic,121994.0,28.0,25.0,1156.0,1.0,dist_48_hispanic
1990,49,white,147643.0,39.0,37.0,132786.0,90.0,dist_49_white
1990,49,black,147643.0,34.0,31.0,13583.0,9.0,dist_49_black
1990,49,other,147643.0,28.0,27.0,1274.0,1.0,dist_49_other
1990,49,nonhisp,147643.0,38.0,36.0,146623.0,99.0,dist_49_nonhisp
1990,49,hispanic,147643.0,29.0,27.0,1017.0,1.0,dist_49_hispanic
1990,50,white,143076.0,40.0,39.0,133594.0,93.0,dist_50_white
1990,50,black,143076.0,34.0,27.0,2057.0,1.0,dist_50_black
1990,50,other,143076.0,29.0,26.0,7425.0,5.0,dist_50_other
1990,50,nonhisp,143076.0,39.0,38.0,142238.0,99.0,dist_50_nonhisp
1990,50,hispanic,143076.0,29.0,25.0,838.0,1.0,dist_50_hispanic
2000,1,white,162607.0,40.0,40.0,118937.0,73.0,dist_1_white
2000,1,black,162607.0,35.0,34.0,39675.0,24.0,dist_1_black
2000,1,other,162607.0,28.0,26.0,3995.0,2.0,dist_1_other
2000,1,nonhisp,162607.0,39.0,39.0,159467.0,98.0,dist_1_nonhisp
2000,1,hispanic,162607.0,25.0,24.0,3140.0,2.0,dist_1_hispanic
2000,2,white,163753.0,40.0,40.0,127027.0,78.0,dist_2_white
2000,2,black,163753.0,33.0,32.0,30295.0,19.0,dist_2_black
2000,2,other,163753.0,27.0,24.0,6431.0,4.0,dist_2_other
2000,2,nonhisp,163753.0,38.0,38.0,158870.0,97.0,dist_2_nonhisp
2000,2,hispanic,163753.0,24.0,23.0,4883.0,3.0,dist_2_hispanic
2000,3,white,178057.0,42.0,43.0,77763.0,44.0,dist_3_white
2000,3,black,178057.0,35.0,34.0,96272.0,54.0,dist_3_black
2000,3,other,178057.0,28.0,25.0,4022.0,2.0,dist_3_other
2000,3,nonhisp,178057.0,38.0,38.0,174585.0,98.0,dist_3_nonhisp
2000,3,hispanic,178057.0,25.0,24.0,3472.0,2.0,dist_3_hispanic
2000,4,white,192331.0,41.0,41.0,82105.0,43.0,dist_4_white
2000,4,black,192331.0,33.0,32.0,100860.0,52.0,dist_4_black
2000,4,other,192331.0,28.0,26.0,9366.0,5.0,dist_4_other
2000,4,nonhisp,192331.0,37.0,36.0,185415.0,96.0,dist_4_nonhisp
2000,4,hispanic,192331.0,24.0,23.0,6915.0,4.0,dist_4_hispanic
2000,5,white,166224.0,39.0,37.0,68960.0,41.0,dist_5_white
2000,5,black,166224.0,33.0,31.0,89871.0,54.0,dist_5_black
2000,5,other,166224.0,25.0,23.0,7393.0,4.0,dist_5_other
2000,5,nonhisp,166224.0,36.0,34.0,159743.0,96.0,dist_5_nonhisp
2000,5,hispanic,166224.0,23.0,23.0,6479.0,4.0,dist_5_hispanic
2000,6,white,160684.0,31.0,27.0,114644.0,71.0,dist_6_white
2000,6,black,160684.0,29.0,25.0,31504.0,20.0,dist_6_black
2000,6,other,160684.0,23.0,21.0,14541.0,9.0,dist_6_other
2000,6,nonhisp,160684.0,30.0,26.0,149508.0,93.0,dist_6_nonhisp
2000,6,hispanic,160684.0,22.0,21.0,11177.0,7.0,dist_6_hispanic
2000,7,white,159560.0,36.0,34.0,127097.0,80.0,dist_7_white
2000,7,black,159560.0,31.0,30.0,24513.0,15.0,dist_7_black
2000,7,other,159560.0,25.0,23.0,7948.0,5.0,dist_7_other
2000,7,nonhisp,159560.0,35.0,34.0,152816.0,96.0,dist_7_nonhisp
2000,7,hispanic,159560.0,23.0,22.0,6744.0,4.0,dist_7_hispanic
2000,8,white,151637.0,41.0,42.0,109072.0,72.0,dist_8_white
2000,8,black,151637.0,36.0,35.0,36883.0,24.0,dist_8_black
2000,8,other,151637.0,27.0,24.0,5685.0,4.0,dist_8_other
2000,8,nonhisp,151637.0,40.0,40.0,146846.0,97.0,dist_8_nonhisp
2000,8,hispanic,151637.0,25.0,24.0,4792.0,3.0,dist_8_hispanic
2000,9,white,155173.0,38.0,37.0,127577.0,82.0,dist_9_white
2000,9,black,155173.0,32.0,31.0,22760.0,15.0,dist_9_black
2000,9,other,155173.0,27.0,25.0,4833.0,3.0,dist_9_other
2000,9,nonhisp,155173.0,37.0,36.0,152034.0,98.0,dist_9_nonhisp
2000,9,hispanic,155173.0,27.0,25.0,3138.0,2.0,dist_9_hispanic
2000,10,white,160102.0,37.0,36.0,107518.0,67.0,dist_10_white
2000,10,black,160102.0,35.0,34.0,37688.0,24.0,dist_10_black
2000,10,other,160102.0,24.0,23.0,14893.0,9.0,dist_10_other
2000,10,nonhisp,160102.0,37.0,36.0,142950.0,89.0,dist_10_nonhisp
2000,10,hispanic,160102.0,23.0,23.0,17153.0,11.0,dist_10_hispanic
2000,11,white,147266.0,38.0,38.0,108154.0,73.0,dist_11_white
2000,11,black,147266.0,34.0,33.0,31627.0,21.0,dist_11_black
2000,11,other,147266.0,25.0,23.0,7485.0,5.0,dist_11_other
2000,11,nonhisp,147266.0,37.0,37.0,138674.0,94.0,dist_11_nonhisp
2000,11,hispanic,147266.0,24.0,23.0,8590.0,6.0,dist_11_hispanic
2000,12,white,153204.0,36.0,35.0,109636.0,72.0,dist_12_white
2000,12,black,153204.0,32.0,30.0,32150.0,21.0,dist_12_black
2000,12,other,153204.0,24.0,23.0,11416.0,7.0,dist_12_other
2000,12,nonhisp,153204.0,36.0,34.0,141212.0,92.0,dist_12_nonhisp
2000,12,hispanic,153204.0,23.0,23.0,11991.0,8.0,dist_12_hispanic
2000,13,white,178088.0,39.0,39.0,75197.0,42.0,dist_13_white
2000,13,black,178088.0,33.0,30.0,47907.0,27.0,dist_13_black
2000,13,other,178088.0,30.0,28.0,54984.0,31.0,dist_13_other
2000,13,nonhisp,178088.0,35.0,34.0,170825.0,96.0,dist_13_nonhisp
2000,13,hispanic,178088.0,23.0,23.0,7263.0,4.0,dist_13_hispanic
2000,14,white,130100.0,35.0,34.0,51776.0,40.0,dist_14_white
2000,14,black,130100.0,31.0,29.0,65783.0,51.0,dist_14_black
2000,14,other,130100.0,26.0,25.0,12545.0,10.0,dist_14_other
2000,14,nonhisp,130100.0,33.0,32.0,117567.0,90.0,dist_14_nonhisp
2000,14,hispanic,130100.0,24.0,24.0,12533.0,10.0,dist_14_hispanic
2000,15,white,142942.0,36.0,37.0,123332.0,86.0,dist_15_white
2000,15,black,142942.0,31.0,30.0,11800.0,8.0,dist_15_black
2000,15,other,142942.0,29.0,28.0,7810.0,5.0,dist_15_other
2000,15,nonhisp,142942.0,36.0,36.0,138329.0,97.0,dist_15_nonhisp
2000,15,hispanic,142942.0,26.0,25.0,4614.0,3.0,dist_15_hispanic
2000,16,white,149315.0,34.0,30.0,112546.0,75.0,dist_16_white
2000,16,black,149315.0,29.0,27.0,20088.0,13.0,dist_16_black
2000,16,other,149315.0,27.0,26.0,16677.0,11.0,dist_16_other
2000,16,nonhisp,149315.0,33.0,30.0,140215.0,94.0,dist_16_nonhisp
2000,16,hispanic,149315.0,25.0,25.0,9099.0,6.0,dist_16_hispanic
2000,17,white,117699.0,32.0,34.0,99006.0,84.0,dist_17_white
2000,17,black,117699.0,33.0,33.0,10783.0,9.0,dist_17_black
2000,17,other,117699.0,28.0,29.0,7911.0,7.0,dist_17_other
2000,17,nonhisp,117699.0,32.0,34.0,114403.0,97.0,dist_17_nonhisp
2000,17,hispanic,117699.0,25.0,25.0,3297.0,3.0,dist_17_hispanic
2000,18,white,134951.0,35.0,36.0,99e3,73.0,dist_18_white
2000,18,black,134951.0,33.0,32.0,29534.0,22.0,dist_18_black
2000,18,other,134951.0,25.0,24.0,6420.0,5.0,dist_18_other
2000,18,nonhisp,134951.0,35.0,35.0,128411.0,95.0,dist_18_nonhisp
2000,18,hispanic,134951.0,24.0,24.0,6540.0,5.0,dist_18_hispanic
2000,19,white,169905.0,34.0,32.0,117166.0,69.0,dist_19_white
2000,19,black,169905.0,28.0,26.0,36193.0,21.0,dist_19_black
2000,19,other,169905.0,25.0,23.0,16546.0,10.0,dist_19_other
2000,19,nonhisp,169905.0,32.0,30.0,158411.0,93.0,dist_19_nonhisp
2000,19,hispanic,169905.0,23.0,22.0,11496.0,7.0,dist_19_hispanic
2000,20,white,161201.0,38.0,36.0,62059.0,38.0,dist_20_white
2000,20,black,161201.0,32.0,30.0,86614.0,54.0,dist_20_black
2000,20,other,161201.0,26.0,25.0,12527.0,8.0,dist_20_other
2000,20,nonhisp,161201.0,35.0,33.0,149547.0,93.0,dist_20_nonhisp
2000,20,hispanic,161201.0,24.0,24.0,11656.0,7.0,dist_20_hispanic
2000,21,white,166704.0,33.0,31.0,64909.0,39.0,dist_21_white
2000,21,black,166704.0,31.0,29.0,82202.0,49.0,dist_21_black
2000,21,other,166704.0,26.0,24.0,19593.0,12.0,dist_21_other
2000,21,nonhisp,166704.0,32.0,30.0,154864.0,93.0,dist_21_nonhisp
2000,21,hispanic,166704.0,24.0,23.0,11838.0,7.0,dist_21_hispanic
2000,22,white,169725.0,38.0,37.0,119944.0,71.0,dist_22_white
2000,22,black,169725.0,34.0,32.0,37068.0,22.0,dist_22_black
2000,22,other,169725.0,26.0,25.0,12712.0,7.0,dist_22_other
2000,22,nonhisp,169725.0,37.0,36.0,161228.0,95.0,dist_22_nonhisp
2000,22,hispanic,169725.0,25.0,24.0,8495.0,5.0,dist_22_hispanic
2000,23,white,167560.0,36.0,34.0,129245.0,77.0,dist_23_white
2000,23,black,167560.0,35.0,33.0,24720.0,15.0,dist_23_black
2000,23,other,167560.0,26.0,25.0,13595.0,8.0,dist_23_other
2000,23,nonhisp,167560.0,36.0,34.0,157544.0,94.0,dist_23_nonhisp
2000,23,hispanic,167560.0,25.0,24.0,10016.0,6.0,dist_23_hispanic
2000,24,white,164653.0,38.0,37.0,128749.0,78.0,dist_24_white
2000,24,black,164653.0,34.0,33.0,27012.0,16.0,dist_24_black
2000,24,other,164653.0,25.0,23.0,8892.0,5.0,dist_24_other
2000,24,nonhisp,164653.0,38.0,37.0,154033.0,94.0,dist_24_nonhisp
2000,24,hispanic,164653.0,23.0,23.0,10621.0,6.0,dist_24_hispanic
2000,25,white,192826.0,38.0,38.0,135855.0,70.0,dist_25_white
2000,25,black,192826.0,32.0,30.0,47284.0,25.0,dist_25_black
2000,25,other,192826.0,27.0,24.0,9687.0,5.0,dist_25_other
2000,25,nonhisp,192826.0,37.0,36.0,188879.0,98.0,dist_25_nonhisp
2000,25,hispanic,192826.0,24.0,23.0,3947.0,2.0,dist_25_hispanic
2000,26,white,169780.0,39.0,39.0,137921.0,81.0,dist_26_white
2000,26,black,169780.0,34.0,33.0,26341.0,16.0,dist_26_black
2000,26,other,169780.0,26.0,25.0,5521.0,3.0,dist_26_other
2000,26,nonhisp,169780.0,38.0,38.0,165232.0,97.0,dist_26_nonhisp
2000,26,hispanic,169780.0,25.0,24.0,4551.0,3.0,dist_26_hispanic
2000,27,white,164867.0,39.0,39.0,137517.0,83.0,dist_27_white
2000,27,black,164867.0,31.0,30.0,18426.0,11.0,dist_27_black
2000,27,other,164867.0,27.0,26.0,8920.0,5.0,dist_27_other
2000,27,nonhisp,164867.0,38.0,38.0,159583.0,97.0,dist_27_nonhisp
2000,27,hispanic,164867.0,25.0,25.0,5286.0,3.0,dist_27_hispanic
2000,28,white,178329.0,38.0,35.0,67333.0,38.0,dist_28_white
2000,28,black,178329.0,31.0,28.0,96474.0,54.0,dist_28_black
2000,28,other,178329.0,26.0,25.0,14521.0,8.0,dist_28_other
2000,28,nonhisp,178329.0,34.0,31.0,169352.0,95.0,dist_28_nonhisp
2000,28,hispanic,178329.0,25.0,24.0,8973.0,5.0,dist_28_hispanic
2000,29,white,171375.0,40.0,40.0,146527.0,86.0,dist_29_white
2000,29,black,171375.0,34.0,33.0,16463.0,10.0,dist_29_black
2000,29,other,171375.0,25.0,24.0,8384.0,5.0,dist_29_other
2000,29,nonhisp,171375.0,40.0,39.0,161533.0,94.0,dist_29_nonhisp
2000,29,hispanic,171375.0,23.0,23.0,9841.0,6.0,dist_29_hispanic
2000,30,white,181538.0,38.0,38.0,167141.0,92.0,dist_30_white
2000,30,black,181538.0,37.0,37.0,7782.0,4.0,dist_30_black
2000,30,other,181538.0,25.0,23.0,6615.0,4.0,dist_30_other
2000,30,nonhisp,181538.0,39.0,38.0,173820.0,96.0,dist_30_nonhisp
2000,30,hispanic,181538.0,23.0,22.0,7718.0,4.0,dist_30_hispanic
2000,31,white,178203.0,39.0,39.0,163695.0,92.0,dist_31_white
2000,31,black,178203.0,33.0,34.0,8697.0,5.0,dist_31_black
2000,31,other,178203.0,27.0,25.0,5811.0,3.0,dist_31_other
2000,31,nonhisp,178203.0,38.0,39.0,173188.0,97.0,dist_31_nonhisp
2000,31,hispanic,178203.0,24.0,23.0,5014.0,3.0,dist_31_hispanic
2000,32,white,164212.0,39.0,37.0,79495.0,48.0,dist_32_white
2000,32,black,164212.0,32.0,30.0,70937.0,43.0,dist_32_black
2000,32,other,164212.0,24.0,24.0,13780.0,8.0,dist_32_other
2000,32,nonhisp,164212.0,36.0,35.0,147293.0,90.0,dist_32_nonhisp
2000,32,hispanic,164212.0,23.0,23.0,16920.0,10.0,dist_32_hispanic
2000,33,white,174068.0,38.0,38.0,146711.0,84.0,dist_33_white
2000,33,black,174068.0,33.0,32.0,19320.0,11.0,dist_33_black
2000,33,other,174068.0,25.0,23.0,8037.0,5.0,dist_33_other
2000,33,nonhisp,174068.0,38.0,37.0,166506.0,96.0,dist_33_nonhisp
2000,33,hispanic,174068.0,23.0,22.0,7562.0,4.0,dist_33_hispanic
2000,34,white,178788.0,38.0,38.0,145290.0,81.0,dist_34_white
2000,34,black,178788.0,33.0,31.0,26192.0,15.0,dist_34_black
2000,34,other,178788.0,25.0,24.0,7308.0,4.0,dist_34_other
2000,34,nonhisp,178788.0,37.0,37.0,171458.0,96.0,dist_34_nonhisp
2000,34,hispanic,178788.0,24.0,23.0,7330.0,4.0,dist_34_hispanic
2000,35,white,115299.0,35.0,35.0,94614.0,82.0,dist_35_white
2000,35,black,115299.0,31.0,29.0,15149.0,13.0,dist_35_black
2000,35,other,115299.0,25.0,23.0,5535.0,5.0,dist_35_other
2000,35,nonhisp,115299.0,34.0,34.0,107756.0,93.0,dist_35_nonhisp
2000,35,hispanic,115299.0,23.0,23.0,7542.0,7.0,dist_35_hispanic
2000,36,white,139447.0,37.0,36.0,116959.0,84.0,dist_36_white
2000,36,black,139447.0,32.0,30.0,16292.0,12.0,dist_36_black
2000,36,other,139447.0,25.0,24.0,6196.0,4.0,dist_36_other
2000,36,nonhisp,139447.0,36.0,36.0,132732.0,95.0,dist_36_nonhisp
2000,36,hispanic,139447.0,23.0,23.0,6715.0,5.0,dist_36_hispanic
2000,37,white,145154.0,37.0,35.0,89986.0,62.0,dist_37_white
2000,37,black,145154.0,30.0,29.0,38316.0,26.0,dist_37_black
2000,37,other,145154.0,27.0,26.0,16849.0,12.0,dist_37_other
2000,37,nonhisp,145154.0,35.0,33.0,129068.0,89.0,dist_37_nonhisp
2000,37,hispanic,145154.0,26.0,25.0,16084.0,11.0,dist_37_hispanic
2000,38,white,129012.0,35.0,33.0,57032.0,44.0,dist_38_white
2000,38,black,129012.0,31.0,29.0,62807.0,49.0,dist_38_black
2000,38,other,129012.0,26.0,25.0,9174.0,7.0,dist_38_other
2000,38,nonhisp,129012.0,33.0,31.0,123697.0,96.0,dist_38_nonhisp
2000,38,hispanic,129012.0,25.0,24.0,5314.0,4.0,dist_38_hispanic
2000,39,white,148704.0,37.0,38.0,135304.0,91.0,dist_39_white
2000,39,black,148704.0,31.0,31.0,6327.0,4.0,dist_39_black
2000,39,other,148704.0,30.0,30.0,7073.0,5.0,dist_39_other
2000,39,nonhisp,148704.0,37.0,38.0,145322.0,98.0,dist_39_nonhisp
2000,39,hispanic,148704.0,29.0,29.0,3384.0,2.0,dist_39_hispanic
2000,40,white,159445.0,35.0,33.0,64114.0,40.0,dist_40_white
2000,40,black,159445.0,30.0,29.0,76821.0,48.0,dist_40_black
2000,40,other,159445.0,26.0,25.0,18513.0,12.0,dist_40_other
2000,40,nonhisp,159445.0,32.0,31.0,142598.0,89.0,dist_40_nonhisp
2000,40,hispanic,159445.0,25.0,25.0,16850.0,11.0,dist_40_hispanic
2000,41,white,113132.0,34.0,35.0,98804.0,87.0,dist_41_white
2000,41,black,113132.0,31.0,32.0,9569.0,8.0,dist_41_black
2000,41,other,113132.0,28.0,27.0,4756.0,4.0,dist_41_other
2000,41,nonhisp,113132.0,34.0,34.0,109895.0,97.0,dist_41_nonhisp
2000,41,hispanic,113132.0,26.0,25.0,3238.0,3.0,dist_41_hispanic
2000,42,white,175315.0,38.0,37.0,151366.0,86.0,dist_42_white
2000,42,black,175315.0,32.0,31.0,13419.0,8.0,dist_42_black
2000,42,other,175315.0,24.0,22.0,10532.0,6.0,dist_42_other
2000,42,nonhisp,175315.0,37.0,37.0,166590.0,95.0,dist_42_nonhisp
2000,42,hispanic,175315.0,24.0,24.0,8727.0,5.0,dist_42_hispanic
2000,43,white,183265.0,38.0,37.0,151296.0,83.0,dist_43_white
2000,43,black,183265.0,31.0,29.0,26095.0,14.0,dist_43_black
2000,43,other,183265.0,27.0,26.0,5874.0,3.0,dist_43_other
2000,43,nonhisp,183265.0,37.0,36.0,177617.0,97.0,dist_43_nonhisp
2000,43,hispanic,183265.0,25.0,25.0,5648.0,3.0,dist_43_hispanic
2000,44,white,153208.0,38.0,37.0,130243.0,85.0,dist_44_white
2000,44,black,153208.0,32.0,31.0,17269.0,11.0,dist_44_black
2000,44,other,153208.0,26.0,24.0,5695.0,4.0,dist_44_other
2000,44,nonhisp,153208.0,37.0,37.0,146807.0,96.0,dist_44_nonhisp
2000,44,hispanic,153208.0,25.0,25.0,6402.0,4.0,dist_44_hispanic
2000,45,white,172361.0,38.0,37.0,162257.0,94.0,dist_45_white
2000,45,black,172361.0,33.0,31.0,5794.0,3.0,dist_45_black
2000,45,other,172361.0,27.0,25.0,4309.0,2.0,dist_45_other
2000,45,nonhisp,172361.0,38.0,37.0,168279.0,98.0,dist_45_nonhisp
2000,45,hispanic,172361.0,26.0,25.0,4082.0,2.0,dist_45_hispanic
2000,46,white,185247.0,38.0,38.0,150482.0,81.0,dist_46_white
2000,46,black,185247.0,33.0,30.0,26107.0,14.0,dist_46_black
2000,46,other,185247.0,24.0,21.0,8662.0,5.0,dist_46_other
2000,46,nonhisp,185247.0,37.0,37.0,180635.0,98.0,dist_46_nonhisp
2000,46,hispanic,185247.0,25.0,24.0,4611.0,2.0,dist_46_hispanic
2000,47,white,176466.0,40.0,40.0,162287.0,92.0,dist_47_white
2000,47,black,176466.0,34.0,32.0,10195.0,6.0,dist_47_black
2000,47,other,176466.0,27.0,25.0,3985.0,2.0,dist_47_other
2000,47,nonhisp,176466.0,40.0,40.0,172511.0,98.0,dist_47_nonhisp
2000,47,hispanic,176466.0,24.0,23.0,3956.0,2.0,dist_47_hispanic
2000,48,white,154878.0,42.0,43.0,144017.0,93.0,dist_48_white
2000,48,black,154878.0,33.0,31.0,5259.0,3.0,dist_48_black
2000,48,other,154878.0,26.0,24.0,5600.0,4.0,dist_48_other
2000,48,nonhisp,154878.0,42.0,42.0,149043.0,96.0,dist_48_nonhisp
2000,48,hispanic,154878.0,25.0,24.0,5835.0,4.0,dist_48_hispanic
2000,49,white,169955.0,40.0,39.0,149716.0,88.0,dist_49_white
2000,49,black,169955.0,35.0,33.0,14126.0,8.0,dist_49_black
2000,49,other,169955.0,27.0,25.0,6110.0,4.0,dist_49_other
2000,49,nonhisp,169955.0,39.0,39.0,164879.0,97.0,dist_49_nonhisp
2000,49,hispanic,169955.0,25.0,24.0,5073.0,3.0,dist_49_hispanic
2000,50,white,170999.0,42.0,43.0,157265.0,92.0,dist_50_white
2000,50,black,170999.0,34.0,27.0,2286.0,1.0,dist_50_black
2000,50,other,170999.0,31.0,28.0,11448.0,7.0,dist_50_other
2000,50,nonhisp,170999.0,41.0,42.0,168578.0,99.0,dist_50_nonhisp
2000,50,hispanic,170999.0,28.0,25.0,2421.0,1.0,dist_50_hispanic
2010,1,white,187327.0,41.0,43.0,137564.0,73.0,dist_1_white
2010,1,black,187327.0,37.0,37.0,40316.0,22.0,dist_1_black
2010,1,other,187327.0,26.0,24.0,9447.0,5.0,dist_1_other
2010,1,nonhisp,187327.0,41.0,42.0,178520.0,95.0,dist_1_nonhisp
2010,1,hispanic,187327.0,25.0,25.0,8807.0,5.0,dist_1_hispanic
2010,2,white,183118.0,42.0,43.0,141819.0,77.0,dist_2_white
2010,2,black,183118.0,36.0,35.0,29866.0,16.0,dist_2_black
2010,2,other,183118.0,26.0,23.0,11433.0,6.0,dist_2_other
2010,2,nonhisp,183118.0,41.0,42.0,174193.0,95.0,dist_2_nonhisp
2010,2,hispanic,183118.0,25.0,23.0,8925.0,5.0,dist_2_hispanic
2010,3,white,181535.0,44.0,47.0,77545.0,43.0,dist_3_white
2010,3,black,181535.0,38.0,38.0,97550.0,54.0,dist_3_black
2010,3,other,181535.0,28.0,26.0,6440.0,4.0,dist_3_other
2010,3,nonhisp,181535.0,41.0,42.0,176273.0,97.0,dist_3_nonhisp
2010,3,hispanic,181535.0,26.0,25.0,5262.0,3.0,dist_3_hispanic
2010,4,white,190991.0,44.0,46.0,74384.0,39.0,dist_4_white
2010,4,black,190991.0,37.0,36.0,102712.0,54.0,dist_4_black
2010,4,other,190991.0,28.0,26.0,13895.0,7.0,dist_4_other
2010,4,nonhisp,190991.0,40.0,41.0,180529.0,95.0,dist_4_nonhisp
2010,4,hispanic,190991.0,24.0,23.0,10462.0,5.0,dist_4_hispanic
2010,5,white,181547.0,40.0,39.0,70178.0,39.0,dist_5_white
2010,5,black,181547.0,35.0,34.0,97021.0,53.0,dist_5_black
2010,5,other,181547.0,25.0,24.0,14348.0,8.0,dist_5_other
2010,5,nonhisp,181547.0,37.0,36.0,168072.0,93.0,dist_5_nonhisp
2010,5,hispanic,181547.0,24.0,23.0,13475.0,7.0,dist_5_hispanic
2010,6,white,187925.0,32.0,27.0,137985.0,73.0,dist_6_white
2010,6,black,187925.0,32.0,28.0,30961.0,16.0,dist_6_black
2010,6,other,187925.0,24.0,22.0,18979.0,10.0,dist_6_other
2010,6,nonhisp,187925.0,32.0,27.0,169631.0,90.0,dist_6_nonhisp
2010,6,hispanic,187925.0,22.0,21.0,18294.0,10.0,dist_6_hispanic
2010,7,white,190081.0,38.0,36.0,143640.0,76.0,dist_7_white
2010,7,black,190081.0,34.0,31.0,30820.0,16.0,dist_7_black
2010,7,other,190081.0,25.0,23.0,15621.0,8.0,dist_7_other
2010,7,nonhisp,190081.0,37.0,36.0,175221.0,92.0,dist_7_nonhisp
2010,7,hispanic,190081.0,24.0,23.0,14860.0,8.0,dist_7_hispanic
2010,8,white,200133.0,44.0,47.0,149569.0,75.0,dist_8_white
2010,8,black,200133.0,39.0,39.0,38043.0,19.0,dist_8_black
2010,8,other,200133.0,26.0,24.0,12521.0,6.0,dist_8_other
2010,8,nonhisp,200133.0,43.0,45.0,188684.0,94.0,dist_8_nonhisp
2010,8,hispanic,200133.0,25.0,24.0,11449.0,6.0,dist_8_hispanic
2010,9,white,197372.0,40.0,38.0,159484.0,81.0,dist_9_white
2010,9,black,197372.0,35.0,34.0,25692.0,13.0,dist_9_black
2010,9,other,197372.0,26.0,25.0,12196.0,6.0,dist_9_other
2010,9,nonhisp,197372.0,39.0,38.0,186860.0,95.0,dist_9_nonhisp
2010,9,hispanic,197372.0,26.0,25.0,10512.0,5.0,dist_9_hispanic
2010,10,white,192056.0,39.0,40.0,124109.0,65.0,dist_10_white
2010,10,black,192056.0,38.0,39.0,40265.0,21.0,dist_10_black
2010,10,other,192056.0,25.0,23.0,27682.0,14.0,dist_10_other
2010,10,nonhisp,192056.0,39.0,40.0,161402.0,84.0,dist_10_nonhisp
2010,10,hispanic,192056.0,24.0,23.0,30654.0,16.0,dist_10_hispanic
2010,11,white,186653.0,40.0,41.0,126756.0,68.0,dist_11_white
2010,11,black,186653.0,36.0,36.0,42513.0,23.0,dist_11_black
2010,11,other,186653.0,25.0,23.0,17384.0,9.0,dist_11_other
2010,11,nonhisp,186653.0,39.0,40.0,167121.0,90.0,dist_11_nonhisp
2010,11,hispanic,186653.0,24.0,23.0,19532.0,10.0,dist_11_hispanic
2010,12,white,191817.0,38.0,37.0,132351.0,69.0,dist_12_white
2010,12,black,191817.0,34.0,33.0,37555.0,20.0,dist_12_black
2010,12,other,191817.0,24.0,22.0,21911.0,11.0,dist_12_other
2010,12,nonhisp,191817.0,37.0,37.0,166583.0,87.0,dist_12_nonhisp
2010,12,hispanic,191817.0,24.0,23.0,25234.0,13.0,dist_12_hispanic
2010,13,white,192266.0,41.0,42.0,74612.0,39.0,dist_13_white
2010,13,black,192266.0,36.0,34.0,50350.0,26.0,dist_13_black
2010,13,other,192266.0,32.0,30.0,67304.0,35.0,dist_13_other
2010,13,nonhisp,192266.0,37.0,37.0,178672.0,93.0,dist_13_nonhisp
2010,13,hispanic,192266.0,24.0,23.0,13594.0,7.0,dist_13_hispanic
2010,14,white,189566.0,36.0,35.0,61709.0,33.0,dist_14_white
2010,14,black,189566.0,32.0,31.0,96925.0,51.0,dist_14_black
2010,14,other,189566.0,25.0,25.0,30932.0,16.0,dist_14_other
2010,14,nonhisp,189566.0,34.0,33.0,155426.0,82.0,dist_14_nonhisp
2010,14,hispanic,189566.0,24.0,24.0,34140.0,18.0,dist_14_hispanic
2010,15,white,188841.0,38.0,40.0,155589.0,82.0,dist_15_white
2010,15,black,188841.0,33.0,32.0,18651.0,10.0,dist_15_black
2010,15,other,188841.0,29.0,29.0,14601.0,8.0,dist_15_other
2010,15,nonhisp,188841.0,38.0,39.0,179113.0,95.0,dist_15_nonhisp
2010,15,hispanic,188841.0,28.0,27.0,9728.0,5.0,dist_15_hispanic
2010,16,white,199393.0,35.0,32.0,134374.0,67.0,dist_16_white
2010,16,black,199393.0,31.0,29.0,30425.0,15.0,dist_16_black
2010,16,other,199393.0,28.0,27.0,34594.0,17.0,dist_16_other
2010,16,nonhisp,199393.0,34.0,31.0,180418.0,90.0,dist_16_nonhisp
2010,16,hispanic,199393.0,26.0,25.0,18975.0,10.0,dist_16_hispanic
2010,17,white,194407.0,35.0,37.0,152657.0,79.0,dist_17_white
2010,17,black,194407.0,34.0,34.0,17348.0,9.0,dist_17_black
2010,17,other,194407.0,28.0,30.0,24402.0,13.0,dist_17_other
2010,17,nonhisp,194407.0,35.0,36.0,183122.0,94.0,dist_17_nonhisp
2010,17,hispanic,194407.0,27.0,25.0,11285.0,6.0,dist_17_hispanic
2010,18,white,189405.0,38.0,39.0,133220.0,70.0,dist_18_white
2010,18,black,189405.0,36.0,36.0,39373.0,21.0,dist_18_black
2010,18,other,189405.0,25.0,23.0,16812.0,9.0,dist_18_other
2010,18,nonhisp,189405.0,37.0,39.0,170835.0,90.0,dist_18_nonhisp
2010,18,hispanic,189405.0,24.0,23.0,18570.0,10.0,dist_18_hispanic
2010,19,white,183181.0,36.0,33.0,120509.0,66.0,dist_19_white
2010,19,black,183181.0,32.0,30.0,40810.0,22.0,dist_19_black
2010,19,other,183181.0,26.0,24.0,21862.0,12.0,dist_19_other
2010,19,nonhisp,183181.0,35.0,33.0,166368.0,91.0,dist_19_nonhisp
2010,19,hispanic,183181.0,25.0,23.0,16813.0,9.0,dist_19_hispanic
2010,20,white,190767.0,39.0,38.0,69128.0,36.0,dist_20_white
2010,20,black,190767.0,35.0,33.0,97040.0,51.0,dist_20_black
2010,20,other,190767.0,25.0,26.0,24599.0,13.0,dist_20_other
2010,20,nonhisp,190767.0,37.0,36.0,165625.0,87.0,dist_20_nonhisp
2010,20,hispanic,190767.0,25.0,25.0,25142.0,13.0,dist_20_hispanic
2010,21,white,183202.0,35.0,32.0,64827.0,35.0,dist_21_white
2010,21,black,183202.0,34.0,31.0,92023.0,50.0,dist_21_black
2010,21,other,183202.0,27.0,24.0,26352.0,14.0,dist_21_other
2010,21,nonhisp,183202.0,34.0,31.0,164002.0,90.0,dist_21_nonhisp
2010,21,hispanic,183202.0,25.0,24.0,19200.0,10.0,dist_21_hispanic
2010,22,white,199919.0,40.0,39.0,133138.0,67.0,dist_22_white
2010,22,black,199919.0,37.0,36.0,42855.0,21.0,dist_22_black
2010,22,other,199919.0,27.0,26.0,23926.0,12.0,dist_22_other
2010,22,nonhisp,199919.0,39.0,38.0,182165.0,91.0,dist_22_nonhisp
2010,22,hispanic,199919.0,26.0,25.0,17754.0,9.0,dist_22_hispanic
2010,23,white,197306.0,39.0,39.0,147732.0,75.0,dist_23_white
2010,23,black,197306.0,38.0,38.0,24320.0,12.0,dist_23_black
2010,23,other,197306.0,27.0,25.0,25254.0,13.0,dist_23_other
2010,23,nonhisp,197306.0,39.0,39.0,178061.0,90.0,dist_23_nonhisp
2010,23,hispanic,197306.0,25.0,24.0,19245.0,10.0,dist_23_hispanic
2010,24,white,188171.0,40.0,41.0,139458.0,74.0,dist_24_white
2010,24,black,188171.0,37.0,37.0,30837.0,16.0,dist_24_black
2010,24,other,188171.0,25.0,22.0,17876.0,9.0,dist_24_other
2010,24,nonhisp,188171.0,40.0,41.0,168428.0,90.0,dist_24_nonhisp
2010,24,hispanic,188171.0,24.0,22.0,19743.0,10.0,dist_24_hispanic
2010,25,white,199294.0,41.0,42.0,135041.0,68.0,dist_25_white
2010,25,black,199294.0,35.0,34.0,48703.0,24.0,dist_25_black
2010,25,other,199294.0,27.0,24.0,15550.0,8.0,dist_25_other
2010,25,nonhisp,199294.0,39.0,40.0,191584.0,96.0,dist_25_nonhisp
2010,25,hispanic,199294.0,25.0,24.0,7710.0,4.0,dist_25_hispanic
2010,26,white,191444.0,41.0,43.0,150827.0,79.0,dist_26_white
2010,26,black,191444.0,37.0,37.0,28874.0,15.0,dist_26_black
2010,26,other,191444.0,27.0,24.0,11743.0,6.0,dist_26_other
2010,26,nonhisp,191444.0,40.0,42.0,182568.0,95.0,dist_26_nonhisp
2010,26,hispanic,191444.0,26.0,24.0,8876.0,5.0,dist_26_hispanic
2010,27,white,191166.0,42.0,44.0,138256.0,72.0,dist_27_white
2010,27,black,191166.0,33.0,32.0,33863.0,18.0,dist_27_black
2010,27,other,191166.0,27.0,25.0,19047.0,10.0,dist_27_other
2010,27,nonhisp,191166.0,40.0,41.0,178454.0,93.0,dist_27_nonhisp
2010,27,hispanic,191166.0,25.0,24.0,12712.0,7.0,dist_27_hispanic
2010,28,white,199439.0,38.0,35.0,60317.0,30.0,dist_28_white
2010,28,black,199439.0,33.0,30.0,113817.0,57.0,dist_28_black
2010,28,other,199439.0,26.0,24.0,25305.0,13.0,dist_28_other
2010,28,nonhisp,199439.0,35.0,31.0,181042.0,91.0,dist_28_nonhisp
2010,28,hispanic,199439.0,24.0,24.0,18397.0,9.0,dist_28_hispanic
2010,29,white,192959.0,42.0,43.0,160044.0,83.0,dist_29_white
2010,29,black,192959.0,37.0,37.0,17547.0,9.0,dist_29_black
2010,29,other,192959.0,26.0,24.0,15368.0,8.0,dist_29_other
2010,29,nonhisp,192959.0,42.0,43.0,176104.0,91.0,dist_29_nonhisp
2010,29,hispanic,192959.0,24.0,23.0,16855.0,9.0,dist_29_hispanic
2010,30,white,190414.0,41.0,43.0,171771.0,90.0,dist_30_white
2010,30,black,190414.0,40.0,42.0,7495.0,4.0,dist_30_black
2010,30,other,190414.0,25.0,22.0,11148.0,6.0,dist_30_other
2010,30,nonhisp,190414.0,41.0,43.0,178233.0,94.0,dist_30_nonhisp
2010,30,hispanic,190414.0,24.0,22.0,12181.0,6.0,dist_30_hispanic
2010,31,white,199875.0,41.0,43.0,174579.0,87.0,dist_31_white
2010,31,black,199875.0,35.0,36.0,12976.0,6.0,dist_31_black
2010,31,other,199875.0,26.0,23.0,12320.0,6.0,dist_31_other
2010,31,nonhisp,199875.0,41.0,43.0,188852.0,94.0,dist_31_nonhisp
2010,31,hispanic,199875.0,26.0,23.0,11023.0,6.0,dist_31_hispanic
2010,32,white,189201.0,40.0,38.0,77945.0,41.0,dist_32_white
2010,32,black,189201.0,34.0,32.0,79443.0,42.0,dist_32_black
2010,32,other,189201.0,23.0,22.0,31813.0,17.0,dist_32_other
2010,32,nonhisp,189201.0,37.0,36.0,154700.0,82.0,dist_32_nonhisp
2010,32,hispanic,189201.0,23.0,22.0,34501.0,18.0,dist_32_hispanic
2010,33,white,190676.0,40.0,42.0,156521.0,82.0,dist_33_white
2010,33,black,190676.0,36.0,36.0,19652.0,10.0,dist_33_black
2010,33,other,190676.0,25.0,23.0,14503.0,8.0,dist_33_other
2010,33,nonhisp,190676.0,40.0,42.0,176342.0,92.0,dist_33_nonhisp
2010,33,hispanic,190676.0,24.0,22.0,14334.0,8.0,dist_33_hispanic
2010,34,white,197348.0,41.0,42.0,154296.0,78.0,dist_34_white
2010,34,black,197348.0,35.0,34.0,28268.0,14.0,dist_34_black
2010,34,other,197348.0,25.0,22.0,14784.0,7.0,dist_34_other
2010,34,nonhisp,197348.0,40.0,41.0,181830.0,92.0,dist_34_nonhisp
2010,34,hispanic,197348.0,24.0,23.0,15518.0,8.0,dist_34_hispanic
2010,35,white,189794.0,36.0,37.0,148259.0,78.0,dist_35_white
2010,35,black,189794.0,33.0,33.0,23137.0,12.0,dist_35_black
2010,35,other,189794.0,25.0,23.0,18398.0,10.0,dist_35_other
2010,35,nonhisp,189794.0,36.0,37.0,169127.0,89.0,dist_35_nonhisp
2010,35,hispanic,189794.0,25.0,23.0,20667.0,11.0,dist_35_hispanic
2010,36,white,189509.0,38.0,39.0,144844.0,76.0,dist_36_white
2010,36,black,189509.0,32.0,32.0,27640.0,15.0,dist_36_black
2010,36,other,189509.0,25.0,23.0,17025.0,9.0,dist_36_other
2010,36,nonhisp,189509.0,37.0,38.0,172442.0,91.0,dist_36_nonhisp
2010,36,hispanic,189509.0,25.0,23.0,17067.0,9.0,dist_36_hispanic
2010,37,white,183253.0,37.0,35.0,100203.0,55.0,dist_37_white
2010,37,black,183253.0,32.0,31.0,49481.0,27.0,dist_37_black
2010,37,other,183253.0,27.0,27.0,33569.0,18.0,dist_37_other
2010,37,nonhisp,183253.0,36.0,34.0,147454.0,80.0,dist_37_nonhisp
2010,37,hispanic,183253.0,26.0,26.0,35799.0,20.0,dist_37_hispanic
2010,38,white,183694.0,36.0,33.0,59189.0,32.0,dist_38_white
2010,38,black,183694.0,32.0,31.0,98701.0,54.0,dist_38_black
2010,38,other,183694.0,26.0,26.0,25804.0,14.0,dist_38_other
2010,38,nonhisp,183694.0,33.0,31.0,165444.0,90.0,dist_38_nonhisp
2010,38,hispanic,183694.0,25.0,24.0,18250.0,10.0,dist_38_hispanic
2010,39,white,181619.0,39.0,41.0,152282.0,84.0,dist_39_white
2010,39,black,181619.0,33.0,33.0,12493.0,7.0,dist_39_black
2010,39,other,181619.0,30.0,31.0,16844.0,9.0,dist_39_other
2010,39,nonhisp,181619.0,39.0,40.0,172419.0,95.0,dist_39_nonhisp
2010,39,hispanic,181619.0,30.0,29.0,9200.0,5.0,dist_39_hispanic
2010,40,white,188928.0,37.0,35.0,54676.0,29.0,dist_40_white
2010,40,black,188928.0,33.0,32.0,98039.0,52.0,dist_40_black
2010,40,other,188928.0,26.0,25.0,36213.0,19.0,dist_40_other
2010,40,nonhisp,188928.0,34.0,33.0,152686.0,81.0,dist_40_nonhisp
2010,40,hispanic,188928.0,25.0,25.0,36242.0,19.0,dist_40_hispanic
2010,41,white,182134.0,37.0,38.0,142596.0,78.0,dist_41_white
2010,41,black,182134.0,33.0,34.0,24090.0,13.0,dist_41_black
2010,41,other,182134.0,28.0,27.0,15448.0,8.0,dist_41_other
2010,41,nonhisp,182134.0,36.0,37.0,169681.0,93.0,dist_41_nonhisp
2010,41,hispanic,182134.0,28.0,27.0,12453.0,7.0,dist_41_hispanic
2010,42,white,191556.0,40.0,42.0,159475.0,83.0,dist_42_white
2010,42,black,191556.0,36.0,35.0,15084.0,8.0,dist_42_black
2010,42,other,191556.0,25.0,22.0,16997.0,9.0,dist_42_other
2010,42,nonhisp,191556.0,40.0,41.0,176923.0,92.0,dist_42_nonhisp
2010,42,hispanic,191556.0,25.0,24.0,14633.0,8.0,dist_42_hispanic
2010,43,white,197035.0,40.0,41.0,153360.0,78.0,dist_43_white
2010,43,black,197035.0,33.0,32.0,30570.0,16.0,dist_43_black
2010,43,other,197035.0,27.0,24.0,13105.0,7.0,dist_43_other
2010,43,nonhisp,197035.0,39.0,39.0,185133.0,94.0,dist_43_nonhisp
2010,43,hispanic,197035.0,26.0,25.0,11902.0,6.0,dist_43_hispanic
2010,44,white,200108.0,39.0,41.0,167302.0,84.0,dist_44_white
2010,44,black,200108.0,35.0,34.0,20194.0,10.0,dist_44_black
2010,44,other,200108.0,26.0,24.0,12612.0,6.0,dist_44_other
2010,44,nonhisp,200108.0,39.0,40.0,187342.0,94.0,dist_44_nonhisp
2010,44,hispanic,200108.0,27.0,25.0,12766.0,6.0,dist_44_hispanic
2010,45,white,190341.0,40.0,40.0,175899.0,92.0,dist_45_white
2010,45,black,190341.0,36.0,34.0,5973.0,3.0,dist_45_black
2010,45,other,190341.0,27.0,24.0,8469.0,4.0,dist_45_other
2010,45,nonhisp,190341.0,40.0,40.0,181720.0,95.0,dist_45_nonhisp
2010,45,hispanic,190341.0,26.0,24.0,8621.0,5.0,dist_45_hispanic
2010,46,white,188990.0,41.0,43.0,150839.0,80.0,dist_46_white
2010,46,black,188990.0,35.0,34.0,26344.0,14.0,dist_46_black
2010,46,other,188990.0,25.0,22.0,11807.0,6.0,dist_46_other
2010,46,nonhisp,188990.0,40.0,41.0,181600.0,96.0,dist_46_nonhisp
2010,46,hispanic,188990.0,25.0,23.0,7390.0,4.0,dist_46_hispanic
2010,47,white,187477.0,43.0,44.0,169454.0,90.0,dist_47_white
2010,47,black,187477.0,38.0,38.0,9923.0,5.0,dist_47_black
2010,47,other,187477.0,26.0,22.0,8100.0,4.0,dist_47_other
2010,47,nonhisp,187477.0,42.0,44.0,179698.0,96.0,dist_47_nonhisp
2010,47,hispanic,187477.0,25.0,22.0,7779.0,4.0,dist_47_hispanic
2010,48,white,184866.0,44.0,47.0,165613.0,90.0,dist_48_white
2010,48,black,184866.0,35.0,35.0,6456.0,3.0,dist_48_black
2010,48,other,184866.0,27.0,24.0,12797.0,7.0,dist_48_other
2010,48,nonhisp,184866.0,44.0,47.0,170800.0,92.0,dist_48_nonhisp
2010,48,hispanic,184866.0,25.0,24.0,14066.0,8.0,dist_48_hispanic
2010,49,white,193282.0,41.0,41.0,168070.0,87.0,dist_49_white
2010,49,black,193282.0,37.0,36.0,13271.0,7.0,dist_49_black
2010,49,other,193282.0,27.0,25.0,11941.0,6.0,dist_49_other
2010,49,nonhisp,193282.0,41.0,41.0,181706.0,94.0,dist_49_nonhisp
2010,49,hispanic,193282.0,25.0,25.0,11576.0,6.0,dist_49_hispanic
2010,50,white,194102.0,43.0,46.0,174955.0,90.0,dist_50_white
2010,50,black,194102.0,35.0,28.0,2323.0,1.0,dist_50_black
2010,50,other,194102.0,30.0,27.0,16824.0,9.0,dist_50_other
2010,50,nonhisp,194102.0,43.0,45.0,186155.0,96.0,dist_50_nonhisp
2010,50,hispanic,194102.0,26.0,24.0,7947.0,4.0,dist_50_hispanic
2020,1,white,194530.0,44.0,46.0,143115.0,74.0,dist_1_white
2020,1,black,194530.0,40.0,40.0,37005.0,19.0,dist_1_black
2020,1,other,194530.0,28.0,25.0,14411.0,7.0,dist_1_other
2020,1,nonhisp,194530.0,43.0,45.0,179854.0,92.0,dist_1_nonhisp
2020,1,hispanic,194530.0,28.0,27.0,14677.0,8.0,dist_1_hispanic
2020,2,white,192983.0,44.0,46.0,149199.0,77.0,dist_2_white
2020,2,black,192983.0,40.0,40.0,27922.0,14.0,dist_2_black
2020,2,other,192983.0,28.0,25.0,15865.0,8.0,dist_2_other
2020,2,nonhisp,192983.0,43.0,45.0,179993.0,93.0,dist_2_nonhisp
2020,2,hispanic,192983.0,27.0,25.0,12991.0,7.0,dist_2_hispanic
2020,3,white,172716.0,46.0,49.0,71610.0,41.0,dist_3_white
2020,3,black,172716.0,41.0,42.0,92911.0,54.0,dist_3_black
2020,3,other,172716.0,31.0,28.0,8196.0,5.0,dist_3_other
2020,3,nonhisp,172716.0,43.0,45.0,166123.0,96.0,dist_3_nonhisp
2020,3,hispanic,172716.0,28.0,26.0,6591.0,4.0,dist_3_hispanic
2020,4,white,179113.0,46.0,49.0,62919.0,35.0,dist_4_white
2020,4,black,179113.0,39.0,39.0,99352.0,55.0,dist_4_black
2020,4,other,179113.0,30.0,27.0,16844.0,9.0,dist_4_other
2020,4,nonhisp,179113.0,42.0,43.0,165917.0,93.0,dist_4_nonhisp
2020,4,hispanic,179113.0,27.0,24.0,13196.0,7.0,dist_4_hispanic
2020,5,white,183232.0,41.0,40.0,64907.0,35.0,dist_5_white
2020,5,black,183232.0,37.0,36.0,97124.0,53.0,dist_5_black
2020,5,other,183232.0,27.0,25.0,21200.0,12.0,dist_5_other
2020,5,nonhisp,183232.0,39.0,37.0,162990.0,89.0,dist_5_nonhisp
2020,5,hispanic,183232.0,27.0,25.0,20244.0,11.0,dist_5_hispanic
2020,6,white,212845.0,33.0,27.0,159029.0,75.0,dist_6_white
2020,6,black,212845.0,36.0,32.0,30229.0,14.0,dist_6_black
2020,6,other,212845.0,25.0,21.0,23588.0,11.0,dist_6_other
2020,6,nonhisp,212845.0,34.0,28.0,185664.0,87.0,dist_6_nonhisp
2020,6,hispanic,212845.0,24.0,22.0,27176.0,13.0,dist_6_hispanic
2020,7,white,205320.0,39.0,37.0,146327.0,71.0,dist_7_white
2020,7,black,205320.0,36.0,33.0,35165.0,17.0,dist_7_black
2020,7,other,205320.0,26.0,23.0,23829.0,12.0,dist_7_other
2020,7,nonhisp,205320.0,38.0,36.0,181101.0,88.0,dist_7_nonhisp
2020,7,hispanic,205320.0,26.0,23.0,24217.0,12.0,dist_7_hispanic
2020,8,white,240183.0,46.0,50.0,185012.0,77.0,dist_8_white
2020,8,black,240183.0,41.0,43.0,36339.0,15.0,dist_8_black
2020,8,other,240183.0,28.0,25.0,18835.0,8.0,dist_8_other
2020,8,nonhisp,240183.0,45.0,49.0,220386.0,92.0,dist_8_nonhisp
2020,8,hispanic,240183.0,28.0,26.0,19798.0,8.0,dist_8_hispanic
2020,9,white,231433.0,41.0,39.0,183378.0,79.0,dist_9_white
2020,9,black,231433.0,37.0,36.0,26978.0,12.0,dist_9_black
2020,9,other,231433.0,28.0,27.0,21075.0,9.0,dist_9_other
2020,9,nonhisp,231433.0,40.0,39.0,211326.0,91.0,dist_9_nonhisp
2020,9,hispanic,231433.0,28.0,26.0,20110.0,9.0,dist_9_hispanic
2020,10,white,211564.0,40.0,41.0,130360.0,62.0,dist_10_white
2020,10,black,211564.0,40.0,41.0,39693.0,19.0,dist_10_black
2020,10,other,211564.0,27.0,24.0,41509.0,20.0,dist_10_other
2020,10,nonhisp,211564.0,40.0,41.0,166251.0,79.0,dist_10_nonhisp
2020,10,hispanic,211564.0,26.0,23.0,45312.0,21.0,dist_10_hispanic
2020,11,white,213481.0,41.0,42.0,132554.0,62.0,dist_11_white
2020,11,black,213481.0,37.0,36.0,52222.0,24.0,dist_11_black
2020,11,other,213481.0,27.0,24.0,28703.0,13.0,dist_11_other
2020,11,nonhisp,213481.0,40.0,41.0,180696.0,85.0,dist_11_nonhisp
2020,11,hispanic,213481.0,27.0,24.0,32786.0,15.0,dist_11_hispanic
2020,12,white,217626.0,38.0,37.0,144195.0,66.0,dist_12_white
2020,12,black,217626.0,36.0,35.0,39880.0,18.0,dist_12_black
2020,12,other,217626.0,26.0,23.0,33553.0,15.0,dist_12_other
2020,12,nonhisp,217626.0,38.0,37.0,177526.0,82.0,dist_12_nonhisp
2020,12,hispanic,217626.0,26.0,24.0,40100.0,18.0,dist_12_hispanic
2020,13,white,189289.0,43.0,44.0,66648.0,35.0,dist_13_white
2020,13,black,189289.0,38.0,36.0,49027.0,26.0,dist_13_black
2020,13,other,189289.0,33.0,31.0,73613.0,39.0,dist_13_other
2020,13,nonhisp,189289.0,39.0,39.0,170217.0,90.0,dist_13_nonhisp
2020,13,hispanic,189289.0,26.0,24.0,19071.0,10.0,dist_13_hispanic
2020,14,white,233943.0,37.0,35.0,60998.0,26.0,dist_14_white
2020,14,black,233943.0,33.0,30.0,120368.0,51.0,dist_14_black
2020,14,other,233943.0,26.0,24.0,52578.0,22.0,dist_14_other
2020,14,nonhisp,233943.0,35.0,32.0,173956.0,74.0,dist_14_nonhisp
2020,14,hispanic,233943.0,26.0,24.0,59988.0,26.0,dist_14_hispanic
2020,15,white,220517.0,40.0,41.0,172663.0,78.0,dist_15_white
2020,15,black,220517.0,35.0,32.0,26921.0,12.0,dist_15_black
2020,15,other,220517.0,31.0,29.0,20929.0,9.0,dist_15_other
2020,15,nonhisp,220517.0,39.0,39.0,205073.0,93.0,dist_15_nonhisp
2020,15,hispanic,220517.0,30.0,27.0,15446.0,7.0,dist_15_hispanic
2020,16,white,234356.0,36.0,31.0,138819.0,59.0,dist_16_white
2020,16,black,234356.0,31.0,28.0,40523.0,17.0,dist_16_black
2020,16,other,234356.0,28.0,25.0,55014.0,23.0,dist_16_other
2020,16,nonhisp,234356.0,34.0,30.0,202767.0,87.0,dist_16_nonhisp
2020,16,hispanic,234356.0,27.0,24.0,31586.0,13.0,dist_16_hispanic
2020,17,white,254688.0,36.0,36.0,185714.0,73.0,dist_17_white
2020,17,black,254688.0,33.0,32.0,23357.0,9.0,dist_17_black
2020,17,other,254688.0,30.0,29.0,45618.0,18.0,dist_17_other
2020,17,nonhisp,254688.0,35.0,35.0,232103.0,91.0,dist_17_nonhisp
2020,17,hispanic,254688.0,28.0,26.0,22587.0,9.0,dist_17_hispanic
2020,18,white,229083.0,39.0,40.0,152914.0,67.0,dist_18_white
2020,18,black,229083.0,38.0,38.0,45938.0,20.0,dist_18_black
2020,18,other,229083.0,27.0,25.0,30229.0,13.0,dist_18_other
2020,18,nonhisp,229083.0,39.0,40.0,195309.0,85.0,dist_18_nonhisp
2020,18,hispanic,229083.0,27.0,24.0,33772.0,15.0,dist_18_hispanic
2020,19,white,197536.0,37.0,34.0,123236.0,62.0,dist_19_white
2020,19,black,197536.0,36.0,33.0,46342.0,23.0,dist_19_black
2020,19,other,197536.0,27.0,23.0,27958.0,14.0,dist_19_other
2020,19,nonhisp,197536.0,36.0,33.0,174315.0,88.0,dist_19_nonhisp
2020,19,hispanic,197536.0,27.0,23.0,23223.0,12.0,dist_19_hispanic
2020,20,white,219261.0,40.0,39.0,74172.0,34.0,dist_20_white
2020,20,black,219261.0,36.0,34.0,105100.0,48.0,dist_20_black
2020,20,other,219261.0,27.0,26.0,39987.0,18.0,dist_20_other
2020,20,nonhisp,219261.0,38.0,36.0,178369.0,81.0,dist_20_nonhisp
2020,20,hispanic,219261.0,27.0,25.0,40893.0,19.0,dist_20_hispanic
2020,21,white,200796.0,36.0,33.0,64066.0,32.0,dist_21_white
2020,21,black,200796.0,36.0,34.0,103224.0,51.0,dist_21_black
2020,21,other,200796.0,28.0,24.0,33508.0,17.0,dist_21_other
2020,21,nonhisp,200796.0,36.0,33.0,173601.0,86.0,dist_21_nonhisp
2020,21,hispanic,200796.0,27.0,24.0,27192.0,14.0,dist_21_hispanic
2020,22,white,228994.0,41.0,41.0,142796.0,62.0,dist_22_white
2020,22,black,228994.0,39.0,39.0,48471.0,21.0,dist_22_black
2020,22,other,228994.0,29.0,27.0,37725.0,16.0,dist_22_other
2020,22,nonhisp,228994.0,40.0,40.0,199994.0,87.0,dist_22_nonhisp
2020,22,hispanic,228994.0,28.0,26.0,28998.0,13.0,dist_22_hispanic
2020,23,white,225416.0,41.0,40.0,162859.0,72.0,dist_23_white
2020,23,black,225416.0,40.0,39.0,22784.0,10.0,dist_23_black
2020,23,other,225416.0,28.0,25.0,39774.0,18.0,dist_23_other
2020,23,nonhisp,225416.0,40.0,40.0,193627.0,86.0,dist_23_nonhisp
2020,23,hispanic,225416.0,27.0,24.0,31790.0,14.0,dist_23_hispanic
2020,24,white,205349.0,41.0,42.0,143255.0,70.0,dist_24_white
2020,24,black,205349.0,38.0,38.0,33686.0,16.0,dist_24_black
2020,24,other,205349.0,27.0,24.0,28411.0,14.0,dist_24_other
2020,24,nonhisp,205349.0,41.0,41.0,174871.0,85.0,dist_24_nonhisp
2020,24,hispanic,205349.0,26.0,23.0,30476.0,15.0,dist_24_hispanic
2020,25,white,194628.0,43.0,45.0,125735.0,65.0,dist_25_white
2020,25,black,194628.0,38.0,37.0,48270.0,25.0,dist_25_black
2020,25,other,194628.0,29.0,26.0,20622.0,11.0,dist_25_other
2020,25,nonhisp,194628.0,41.0,42.0,183334.0,94.0,dist_25_nonhisp
2020,25,hispanic,194628.0,27.0,25.0,11295.0,6.0,dist_25_hispanic
2020,26,white,205345.0,43.0,45.0,156021.0,76.0,dist_26_white
2020,26,black,205345.0,39.0,39.0,30726.0,15.0,dist_26_black
2020,26,other,205345.0,29.0,26.0,18596.0,9.0,dist_26_other
2020,26,nonhisp,205345.0,42.0,44.0,191668.0,93.0,dist_26_nonhisp
2020,26,hispanic,205345.0,28.0,25.0,13678.0,7.0,dist_26_hispanic
2020,27,white,209543.0,44.0,46.0,129181.0,62.0,dist_27_white
2020,27,black,209543.0,34.0,32.0,60068.0,29.0,dist_27_black
2020,27,other,209543.0,28.0,26.0,20294.0,10.0,dist_27_other
2020,27,nonhisp,209543.0,41.0,41.0,188054.0,90.0,dist_27_nonhisp
2020,27,hispanic,209543.0,28.0,26.0,21489.0,10.0,dist_27_hispanic
2020,28,white,212515.0,39.0,34.0,50947.0,24.0,dist_28_white
2020,28,black,212515.0,34.0,31.0,125781.0,59.0,dist_28_black
2020,28,other,212515.0,26.0,24.0,35789.0,17.0,dist_28_other
2020,28,nonhisp,212515.0,35.0,31.0,183324.0,86.0,dist_28_nonhisp
2020,28,hispanic,212515.0,26.0,23.0,29192.0,14.0,dist_28_hispanic
2020,29,white,208118.0,44.0,46.0,166966.0,80.0,dist_29_white
2020,29,black,208118.0,39.0,39.0,18171.0,9.0,dist_29_black
2020,29,other,208118.0,28.0,25.0,22979.0,11.0,dist_29_other
2020,29,nonhisp,208118.0,44.0,46.0,183591.0,88.0,dist_29_nonhisp
2020,29,hispanic,208118.0,27.0,24.0,24525.0,12.0,dist_29_hispanic
2020,30,white,191207.0,43.0,46.0,168565.0,88.0,dist_30_white
2020,30,black,191207.0,43.0,45.0,7007.0,4.0,dist_30_black
2020,30,other,191207.0,28.0,24.0,15634.0,8.0,dist_30_other
2020,30,nonhisp,191207.0,43.0,46.0,174640.0,91.0,dist_30_nonhisp
2020,30,hispanic,191207.0,27.0,23.0,16566.0,9.0,dist_30_hispanic
2020,31,white,215838.0,43.0,46.0,178759.0,83.0,dist_31_white
2020,31,black,215838.0,37.0,37.0,18547.0,9.0,dist_31_black
2020,31,other,215838.0,28.0,25.0,18533.0,9.0,dist_31_other
2020,31,nonhisp,215838.0,43.0,45.0,197730.0,92.0,dist_31_nonhisp
2020,31,hispanic,215838.0,28.0,25.0,18109.0,8.0,dist_31_hispanic
2020,32,white,208670.0,41.0,39.0,71940.0,34.0,dist_32_white
2020,32,black,208670.0,36.0,33.0,84168.0,40.0,dist_32_black
2020,32,other,208670.0,25.0,23.0,52561.0,25.0,dist_32_other
2020,32,nonhisp,208670.0,38.0,35.0,155233.0,74.0,dist_32_nonhisp
2020,32,hispanic,208670.0,25.0,22.0,53437.0,26.0,dist_32_hispanic
2020,33,white,195232.0,42.0,44.0,155386.0,80.0,dist_33_white
2020,33,black,195232.0,39.0,38.0,18972.0,10.0,dist_33_black
2020,33,other,195232.0,28.0,25.0,20877.0,11.0,dist_33_other
2020,33,nonhisp,195232.0,42.0,44.0,174114.0,89.0,dist_33_nonhisp
2020,33,hispanic,195232.0,26.0,24.0,21120.0,11.0,dist_33_hispanic
2020,34,white,204226.0,42.0,44.0,152629.0,75.0,dist_34_white
2020,34,black,204226.0,37.0,35.0,28840.0,14.0,dist_34_black
2020,34,other,204226.0,27.0,24.0,22754.0,11.0,dist_34_other
2020,34,nonhisp,204226.0,41.0,43.0,180212.0,88.0,dist_34_nonhisp
2020,34,hispanic,204226.0,27.0,24.0,24013.0,12.0,dist_34_hispanic
2020,35,white,241618.0,37.0,38.0,177671.0,74.0,dist_35_white
2020,35,black,241618.0,35.0,34.0,27829.0,12.0,dist_35_black
2020,35,other,241618.0,27.0,24.0,36120.0,15.0,dist_35_other
2020,35,nonhisp,241618.0,37.0,37.0,203735.0,84.0,dist_35_nonhisp
2020,35,hispanic,241618.0,27.0,24.0,37882.0,16.0,dist_35_hispanic
2020,36,white,219019.0,39.0,39.0,151985.0,69.0,dist_36_white
2020,36,black,219019.0,33.0,33.0,40007.0,18.0,dist_36_black
2020,36,other,219019.0,27.0,24.0,27028.0,12.0,dist_36_other
2020,36,nonhisp,219019.0,38.0,38.0,190090.0,87.0,dist_36_nonhisp
2020,36,hispanic,219019.0,27.0,24.0,28927.0,13.0,dist_36_hispanic
2020,37,white,221065.0,37.0,35.0,105439.0,48.0,dist_37_white
2020,37,black,221065.0,34.0,31.0,62051.0,28.0,dist_37_black
2020,37,other,221065.0,28.0,27.0,53577.0,24.0,dist_37_other
2020,37,nonhisp,221065.0,36.0,34.0,162811.0,74.0,dist_37_nonhisp
2020,37,hispanic,221065.0,28.0,27.0,58253.0,26.0,dist_37_hispanic
2020,38,white,238066.0,37.0,34.0,55101.0,23.0,dist_38_white
2020,38,black,238066.0,33.0,32.0,140028.0,59.0,dist_38_black
2020,38,other,238066.0,27.0,26.0,42937.0,18.0,dist_38_other
2020,38,nonhisp,238066.0,34.0,32.0,201050.0,84.0,dist_38_nonhisp
2020,38,hispanic,238066.0,27.0,25.0,37020.0,16.0,dist_38_hispanic
2020,39,white,214256.0,41.0,41.0,164148.0,77.0,dist_39_white
2020,39,black,214256.0,34.0,33.0,24303.0,11.0,dist_39_black
2020,39,other,214256.0,31.0,32.0,25807.0,12.0,dist_39_other
2020,39,nonhisp,214256.0,40.0,40.0,196960.0,92.0,dist_39_nonhisp
2020,39,hispanic,214256.0,31.0,30.0,17296.0,8.0,dist_39_hispanic
2020,40,white,218128.0,38.0,35.0,45039.0,21.0,dist_40_white
2020,40,black,218128.0,34.0,32.0,120804.0,55.0,dist_40_black
2020,40,other,218128.0,26.0,25.0,52282.0,24.0,dist_40_other
2020,40,nonhisp,218128.0,35.0,32.0,159808.0,73.0,dist_40_nonhisp
2020,40,hispanic,218128.0,27.0,25.0,58323.0,27.0,dist_40_hispanic
2020,41,white,250810.0,38.0,38.0,175165.0,70.0,dist_41_white
2020,41,black,250810.0,34.0,34.0,52370.0,21.0,dist_41_black
2020,41,other,250810.0,28.0,26.0,23273.0,9.0,dist_41_other
2020,41,nonhisp,250810.0,37.0,36.0,223905.0,89.0,dist_41_nonhisp
2020,41,hispanic,250810.0,30.0,28.0,26906.0,11.0,dist_41_hispanic
2020,42,white,198186.0,42.0,44.0,157907.0,80.0,dist_42_white
2020,42,black,198186.0,37.0,37.0,16651.0,8.0,dist_42_black
2020,42,other,198186.0,27.0,24.0,23631.0,12.0,dist_42_other
2020,42,nonhisp,198186.0,42.0,43.0,177694.0,90.0,dist_42_nonhisp
2020,42,hispanic,198186.0,27.0,24.0,20494.0,10.0,dist_42_hispanic
2020,43,white,199398.0,42.0,43.0,145694.0,73.0,dist_43_white
2020,43,black,199398.0,35.0,34.0,34128.0,17.0,dist_43_black
2020,43,other,199398.0,29.0,26.0,19576.0,10.0,dist_43_other
2020,43,nonhisp,199398.0,40.0,41.0,181457.0,91.0,dist_43_nonhisp
2020,43,hispanic,199398.0,28.0,26.0,17943.0,9.0,dist_43_hispanic
2020,44,white,233642.0,41.0,42.0,191303.0,82.0,dist_44_white
2020,44,black,233642.0,36.0,35.0,21401.0,9.0,dist_44_black
2020,44,other,233642.0,28.0,25.0,20939.0,9.0,dist_44_other
2020,44,nonhisp,233642.0,40.0,41.0,213490.0,91.0,dist_44_nonhisp
2020,44,hispanic,233642.0,29.0,26.0,20152.0,9.0,dist_44_hispanic
2020,45,white,194476.0,42.0,42.0,175807.0,90.0,dist_45_white
2020,45,black,194476.0,38.0,36.0,5811.0,3.0,dist_45_black
2020,45,other,194476.0,29.0,25.0,12857.0,7.0,dist_45_other
2020,45,nonhisp,194476.0,42.0,42.0,180892.0,93.0,dist_45_nonhisp
2020,45,hispanic,194476.0,28.0,25.0,13582.0,7.0,dist_45_hispanic
2020,46,white,188555.0,43.0,44.0,147201.0,78.0,dist_46_white
2020,46,black,188555.0,37.0,36.0,26070.0,14.0,dist_46_black
2020,46,other,188555.0,27.0,24.0,15283.0,8.0,dist_46_other
2020,46,nonhisp,188555.0,42.0,43.0,178235.0,95.0,dist_46_nonhisp
2020,46,hispanic,188555.0,27.0,24.0,10320.0,5.0,dist_46_hispanic
2020,47,white,190484.0,45.0,48.0,168840.0,89.0,dist_47_white
2020,47,black,190484.0,40.0,42.0,9439.0,5.0,dist_47_black
2020,47,other,190484.0,28.0,25.0,12205.0,6.0,dist_47_other
2020,47,nonhisp,190484.0,44.0,47.0,178778.0,94.0,dist_47_nonhisp
2020,47,hispanic,190484.0,28.0,25.0,11706.0,6.0,dist_47_hispanic
2020,48,white,210596.0,46.0,50.0,181332.0,86.0,dist_48_white
2020,48,black,210596.0,38.0,37.0,7637.0,4.0,dist_48_black
2020,48,other,210596.0,29.0,27.0,21627.0,10.0,dist_48_other
2020,48,nonhisp,210596.0,47.0,50.0,186333.0,88.0,dist_48_nonhisp
2020,48,hispanic,210596.0,28.0,26.0,24264.0,12.0,dist_48_hispanic
2020,49,white,212317.0,42.0,43.0,181996.0,86.0,dist_49_white
2020,49,black,212317.0,38.0,38.0,12040.0,6.0,dist_49_black
2020,49,other,212317.0,28.0,26.0,18280.0,9.0,dist_49_other
2020,49,nonhisp,212317.0,42.0,43.0,193232.0,91.0,dist_49_nonhisp
2020,49,hispanic,212317.0,28.0,26.0,19086.0,9.0,dist_49_hispanic
2020,50,white,204526.0,45.0,48.0,180387.0,88.0,dist_50_white
2020,50,black,204526.0,37.0,31.0,2172.0,1.0,dist_50_black
2020,50,other,204526.0,31.0,29.0,21967.0,11.0,dist_50_other
2020,50,nonhisp,204526.0,45.0,48.0,190334.0,93.0,dist_50_nonhisp
2020,50,hispanic,204526.0,28.0,26.0,14194.0,7.0,dist_50_hispanic
